{
  "$schema": "https://raw.githubusercontent.com/grafana/grafana/master/docs/sources/developers/plugins/plugin.schema.json",
  "dependencies": {
    "grafanaDependency": ">=9.0.0",
    "plugins": []
  },
  "id": "volkovlabs-echarts-panel",
  "info": {
    "author": {
      "name": "Volkov Labs",
      "url": "https://volkovlabs.io"
    },
    "description": "Powerful charting and visualization library Apache ECharts",
    "keywords": ["echarts"],
    "links": [
      {
        "name": "Documentation",
        "url": "https://volkovlabs.io/plugins/volkovlabs-echarts-panel/"
      },
      {
        "name": "Examples",
        "url": "https://echarts.volkovlabs.io"
      },
      {
        "name": "GitHub",
        "url": "https://github.com/VolkovLabs/volkovlabs-echarts-panel"
      }
    ],
    "logos": {
      "large": "img/logo.svg",
      "small": "img/logo.svg"
    },
    "screenshots": [
      {
        "name": "Dashboard",
        "path": "img/dashboard.png"
      },
      {
        "name": "Examples",
        "path": "img/examples.png"
      }
    ],
    "updated": "2023-08-11",
    "version": "5.1.0"
  },
  "name": "Apache ECharts",
  "type": "panel"
}
