{
  "$schema": "https://raw.githubusercontent.com/grafana/grafana/main/docs/sources/developers/plugins/plugin.schema.json",
  "type": "datasource",
  "name": "Oracle Database Rncb",
  "id": "rncb-oracledatabaserncb-datasource",
  "metrics": true,
  "backend": true,
  "executable": "gpx_oracle_database_rncb",
  "info": {
    "description": "Oracle database custom plugin",
    "author": {
      "name": "Rncb"
    },
    "keywords": ["datasource"],
    "logos": {
      "small": "img/logo.svg",
      "large": "img/logo.svg"
    },
    "links": [],
    "screenshots": [],
    "version": "1.0.0",
    "updated": "2024-04-05"
  },
  "dependencies": {
    "grafanaDependency": ">=10.0.3",
    "plugins": []
  }
  
}
